subjectid,description
10001,"The question is about Scatter Diagram, part of the topic of Data Representation, that is part of the subject Data and Statistics, in the area of Maths"
10002,"The question is about 2D Pythagoras, part of the topic of Pythagoras, that is part of the subject Geometry and Measure, in the area of Maths"
10003,"The question is about Angles in Triangles, part of the topic of Angles, that is part of the subject Geometry and Measure, in the area of Maths"
10004,"The question is about Circumference, part of the topic of Circles, that is part of the subject Geometry and Measure, in the area of Maths"
10005,"The question is about Basic Angle Facts (straight line, opposite, around a point, etc), part of the topic of Angles, that is part of the subject Geometry and Measure, in the area of Maths"
10006,"The question is about Substitution into Formula, part of the topic of Formula, that is part of the subject Algebra, in the area of Maths"
10007,"The question is about Rounding to Decimal Places, part of the topic of Rounding and Estimating, that is part of the subject Number, in the area of Maths"
10008,"The question is about Writing Expressions, part of the topic of Writing and Simplifying Expressions, that is part of the subject Algebra, in the area of Maths"
10009,"The question is about Parts of a Circle, part of the topic of Circles, that is part of the subject Geometry and Measure, in the area of Maths"
10010,"The question is about Simplifying Expressions by Collecting Like Terms, part of the topic of Writing and Simplifying Expressions, that is part of the subject Algebra, in the area of Maths"
10011,"The question is about Box Plots, part of the topic of Data Representation, that is part of the subject Data and Statistics, in the area of Maths"
10012,"The question is about Upper and Lower Bounds, part of the topic of Rounding and Estimating, that is part of the subject Number, in the area of Maths"
10013,"The question is about Expanding Double Brackets, part of the topic of Expanding Brackets, that is part of the subject Algebra, in the area of Maths"
10014,"The question is about Factorising into a Single Bracket, part of the topic of Factorising, that is part of the subject Algebra, in the area of Maths"
10015,"The question is about Multiplying Terms, part of the topic of Writing and Simplifying Expressions, that is part of the subject Algebra, in the area of Maths"
10016,"The question is about Area of a Circle, part of the topic of Circles, that is part of the subject Geometry and Measure, in the area of Maths"
10017,"The question is about Dividing Terms, part of the topic of Writing and Simplifying Expressions, that is part of the subject Algebra, in the area of Maths"
10018,"The question is about Writing Expressions, part of the topic of Writing and Simplifying Expressions, that is part of the subject Algebra, in the area of Maths"
10019,"The question is about Rounding to Significant Figures, part of the topic of Rounding and Estimating, that is part of the subject Number, in the area of Maths"
10020,"The question is about Types of Data and Questionnaires, part of the topic of Data Collection, that is part of the subject Data and Statistics, in the area of Maths"
10021,"The question is about Basic Angle Facts (straight line, opposite, around a point, etc), part of the topic of Angles, that is part of the subject Geometry and Measure, in the area of Maths"
10022,"The question is about Data Collection-Others, part of the topic of Data Collection, that is part of the subject Data and Statistics, in the area of Maths"
10023,"The question is about Averages and Range from Grouped Data, part of the topic of Data Processing, that is part of the subject Data and Statistics, in the area of Maths"
10024,"The question is about Expanding Single Brackets, part of the topic of Expanding Brackets, that is part of the subject Algebra, in the area of Maths"
10025,"The question is about Pictogram, part of the topic of Data Representation, that is part of the subject Data and Statistics, in the area of Maths"
10026,"The question is about Nets, part of the topic of 3D Shapes, that is part of the subject Geometry and Measure, in the area of Maths"
10027,"The question is about Multiplying and Dividing with Decimals, part of the topic of Decimals, that is part of the subject Number, in the area of Maths"
10028,"The question is about Percentage Increase and Decrease, part of the topic of Percentages, that is part of the subject Number, in the area of Maths"
10029,"The question is about Prime Numbers and Prime Factors, part of the topic of Factors, Multiples and Primes, that is part of the subject Number, in the area of Maths"
10030,"The question is about Ordering Decimals, part of the topic of Decimals, that is part of the subject Number, in the area of Maths"
10031,"The question is about Negative Numbers, part of the topic of Decimals, that is part of the subject Number, in the area of Maths"
10032,"The question is about Written Multiplication, part of the topic of Basic Arithmetic, that is part of the subject Number, in the area of Maths"
10033,"The question is about Adding and Subtracting Negative Numbers, part of the topic of Negative Numbers, that is part of the subject Number, in the area of Maths"
10034,"The question is about Other Sequences, part of the topic of Sequences, that is part of the subject Algebra, in the area of Maths"
10035,"The question is about Linear Sequences (nth term), part of the topic of Sequences, that is part of the subject Algebra, in the area of Maths"
10036,"The question is about Midpoint Between Two Co-ordinates, part of the topic of Co-ordinates, that is part of the subject Algebra, in the area of Maths"
10037,"The question is about Probability of Single Events, part of the topic of Probability, that is part of the subject Data and Statistics, in the area of Maths"
10038,"The question is about Multiplying Fractions, part of the topic of Fractions, that is part of the subject Number, in the area of Maths"
10039,"The question is about Square Roots, Cube Roots, etc, part of the topic of Indices, Powers and Roots, that is part of the subject Number, in the area of Maths"
10040,"The question is about Ordering Fractions, part of the topic of Fractions, that is part of the subject Number, in the area of Maths"
10041,"The question is about Fractions of an Amount, part of the topic of Fractions, that is part of the subject Number, in the area of Maths"
10042,"The question is about Plotting Lines from Tables of Values, part of the topic of Straight Line Graphs, that is part of the subject Algebra, in the area of Maths"
10043,"The question is about Percentages of an Amount, part of the topic of Percentages, that is part of the subject Number, in the area of Maths"
10044,"The question is about Percentages of an Amount, part of the topic of Percentages, that is part of the subject Number, in the area of Maths"
10045,"The question is about Area of Simple Shapes, part of the topic of Perimeter and Area, that is part of the subject Geometry and Measure, in the area of Maths"
10046,"The question is about Converting between Fractions and Decimals, part of the topic of Fractions, Decimals and Percentage Equivalence, that is part of the subject Number, in the area of Maths"
10047,"The question is about Co-ordinates, part of the topic of Straight Line Graphs, that is part of the subject Algebra, in the area of Maths"
10048,"The question is about Plotting Quadratics from Tables of Values, part of the topic of Quadratic Graphs, that is part of the subject Algebra, in the area of Maths"
10049,"The question is about Ordering Negative Numbers, part of the topic of Negative Numbers, that is part of the subject Number, in the area of Maths"
10050,"The question is about Tree Diagrams with Independent Events, part of the topic of Probability, that is part of the subject Data and Statistics, in the area of Maths"
10051,"The question is about Converting between Fractions and Decimals, part of the topic of Fractions, Decimals and Percentage Equivalence, that is part of the subject Number, in the area of Maths"
10052,"The question is about Solving Linear Inequalities, part of the topic of Inequalities, that is part of the subject Algebra, in the area of Maths"
10053,"The question is about Squares, Cubes, etc, part of the topic of Indices, Powers and Roots, that is part of the subject Number, in the area of Maths"
10054,"The question is about Currency Conversions, part of the topic of Money, that is part of the subject Number, in the area of Maths"
10055,"The question is about Sectors of a Circle, part of the topic of Circles, that is part of the subject Geometry and Measure, in the area of Maths"
10056,"The question is about Tree Diagrams with Dependent Events, part of the topic of Probability, that is part of the subject Data and Statistics, in the area of Maths"
10057,"The question is about Converting Mixed Number and Improper Fractions, part of the topic of Fractions, that is part of the subject Number, in the area of Maths"
10058,"The question is about Adding and Subtracting Fractions, part of the topic of Fractions, that is part of the subject Number, in the area of Maths"
10059,"The question is about Place Value, part of the topic of Basic Arithmetic, that is part of the subject Number, in the area of Maths"
10060,"The question is about BIDMAS, part of the topic of Basic Arithmetic, that is part of the subject Number, in the area of Maths"
10061,"The question is about Standard Form, part of the topic of Indices, Powers and Roots, that is part of the subject Number, in the area of Maths"
10062,"The question is about Multiplying and Dividing Negative Numbers, part of the topic of Negative Numbers, that is part of the subject Number, in the area of Maths"
10063,"The question is about Multiples and Lowest Common Multiple, part of the topic of Factors, Multiples and Primes, that is part of the subject Number, in the area of Maths"
10064,"The question is about Mental Multiplication and Division, part of the topic of Basic Arithmetic, that is part of the subject Number, in the area of Maths"
10065,"The question is about Rearranging Formula and Equations, part of the topic of Formula, that is part of the subject Algebra, in the area of Maths"
10066,"The question is about Plans and Elevations, part of the topic of 3D Shapes, that is part of the subject Geometry and Measure, in the area of Maths"
10067,"The question is about Linear Equations, part of the topic of Solving Equations, that is part of the subject Algebra, in the area of Maths"
10068,"The question is about Compound Area, part of the topic of Perimeter and Area, that is part of the subject Geometry and Measure, in the area of Maths"
10069,"The question is about Converting between Fractions and Percentages, part of the topic of Fractions, Decimals and Percentage Equivalence, that is part of the subject Number, in the area of Maths"
10070,"The question is about Converting between Fractions and Decimals, part of the topic of Fractions, Decimals and Percentage Equivalence, that is part of the subject Number, in the area of Maths"
10071,"The question is about Inequalities on Number Lines, part of the topic of Inequalities, that is part of the subject Algebra, in the area of Maths"
10072,"The question is about Sketching from Factorised Form, part of the topic of Quadratic Graphs, that is part of the subject Algebra, in the area of Maths"
10073,"The question is about Combined Events, part of the topic of Probability, that is part of the subject Data and Statistics, in the area of Maths"
10074,"The question is about Laws of Indices, part of the topic of Indices, Powers and Roots, that is part of the subject Number, in the area of Maths"
10075,"The question is about Graphical Solution of Quadratic Equations, part of the topic of Quadratic Graphs, that is part of the subject Algebra, in the area of Maths"
10076,"The question is about Perimeter, part of the topic of Perimeter and Area, that is part of the subject Geometry and Measure, in the area of Maths"
10077,"The question is about Rotation, part of the topic of Transformations, that is part of the subject Geometry and Measure, in the area of Maths"
10078,"The question is about Direct Proportion, part of the topic of Proportion, that is part of the subject Number, in the area of Maths"
10079,"The question is about Angle Facts with Parallel Lines, part of the topic of Angles, that is part of the subject Geometry and Measure, in the area of Maths"
10080,"The question is about Converting between Fractions and Percentages, part of the topic of Fractions, Decimals and Percentage Equivalence, that is part of the subject Number, in the area of Maths"
10081,"The question is about Factors and Highest Common Factor, part of the topic of Factors, Multiples and Primes, that is part of the subject Number, in the area of Maths"
10082,"The question is about Simplifying Fractions, part of the topic of Fractions, that is part of the subject Number, in the area of Maths"
10083,"The question is about Averages (mean, median, mode) from a List of Data, part of the topic of Data Processing, that is part of the subject Data and Statistics, in the area of Maths"
10084,"The question is about Sharing in a Ratio, part of the topic of Ratio, that is part of the subject Number, in the area of Maths"
10085,"The question is about Finding the Gradient and Intercept of a Line from the Equation, part of the topic of Straight Line Graphs, that is part of the subject Algebra, in the area of Maths"
10086,"The question is about Speed, Distance, Time, part of the topic of Compound Measures, that is part of the subject Geometry and Measure, in the area of Maths"
10087,"The question is about Simplifying and Equivalent Ratios, part of the topic of Ratio, that is part of the subject Number, in the area of Maths"
10088,"The question is about Properties of Quadrilaterals, part of the topic of 2D Names and Properties of Shapes, that is part of the subject Geometry and Measure, in the area of Maths"
10089,"The question is about Distance Between Two Co-ordinates, part of the topic of Co-ordinates, that is part of the subject Algebra, in the area of Maths"
10090,"The question is about Converting between Fractions and Decimals, part of the topic of Fractions, Decimals and Percentage Equivalence, that is part of the subject Number, in the area of Maths"
10091,"The question is about Equivalent Fractions, part of the topic of Fractions, that is part of the subject Number, in the area of Maths"
10092,"The question is about Enlargement, part of the topic of Transformations, that is part of the subject Geometry and Measure, in the area of Maths"
10093,"The question is about Mental Addition and Subtraction, part of the topic of Basic Arithmetic, that is part of the subject Number, in the area of Maths"
10094,"The question is about Finding the Gradient and Intercept of a Line from the Equation, part of the topic of Straight Line Graphs, that is part of the subject Algebra, in the area of Maths"
10095,"The question is about Volume and Capacity Units, part of the topic of Units of Measurement, that is part of the subject Geometry and Measure, in the area of Maths"
10096,"The question is about Converting between Decimals and Percentages, part of the topic of Fractions, Decimals and Percentage Equivalence, that is part of the subject Number, in the area of Maths"
10097,"The question is about Translation and Vectors, part of the topic of Transformations, that is part of the subject Geometry and Measure, in the area of Maths"
10098,"The question is about Solving Equations, part of the topic of Straight Line Graphs, that is part of the subject Algebra, in the area of Maths"
10099,"The question is about Right-angled Triangles (SOHCAHTOA), part of the topic of Basic Trigonometry, that is part of the subject Geometry and Measure, in the area of Maths"
10100,"The question is about Experimental Probability and Relative Frequency, part of the topic of Probability, that is part of the subject Data and Statistics, in the area of Maths"
10101,"The question is about Angles in Polygons, part of the topic of Angles, that is part of the subject Geometry and Measure, in the area of Maths"
10102,"The question is about Naming Co-ordinates in 2D, part of the topic of Co-ordinates, that is part of the subject Algebra, in the area of Maths"
10103,"The question is about Finding the Equation of a Line, part of the topic of Straight Line Graphs, that is part of the subject Algebra, in the area of Maths"
10104,"The question is about Quadratic Sequences, part of the topic of Sequences, that is part of the subject Algebra, in the area of Maths"
10105,"The question is about Factorising into a Double Bracket, part of the topic of Factorising, that is part of the subject Algebra, in the area of Maths"
10106,"The question is about Mental Addition and Subtraction, part of the topic of Basic Arithmetic, that is part of the subject Number, in the area of Maths"
10107,"The question is about Volume of Prisms, part of the topic of Volume and Surface Area, that is part of the subject Geometry and Measure, in the area of Maths"
10108,"The question is about Reflection, part of the topic of Transformations, that is part of the subject Geometry and Measure, in the area of Maths"
10109,"The question is about Horizontal and Vertical Lines, part of the topic of Straight Line Graphs, that is part of the subject Algebra, in the area of Maths"
10110,"The question is about Length Units, part of the topic of Units of Measurement, that is part of the subject Geometry and Measure, in the area of Maths"
10111,"The question is about Missing Lengths, part of the topic of Perimeter and Area, that is part of the subject Geometry and Measure, in the area of Maths"
10112,"The question is about Find Missing Quantities, part of the topic of Ratio, that is part of the subject Number, in the area of Maths"
10113,"The question is about Dividing Fractions, part of the topic of Fractions, that is part of the subject Number, in the area of Maths"
10114,"The question is about Time, part of the topic of Units of Measurement, that is part of the subject Geometry and Measure, in the area of Maths"
10115,"The question is about Block Graphs and Bar Charts, part of the topic of Data Representation, that is part of the subject Data and Statistics, in the area of Maths"
10116,"The question is about Basic Money, part of the topic of Money, that is part of the subject Number, in the area of Maths"
10117,"The question is about Area Units, part of the topic of Units of Measurement, that is part of the subject Geometry and Measure, in the area of Maths"
10118,"The question is about Written Addition, part of the topic of Basic Arithmetic, that is part of the subject Number, in the area of Maths"
10119,"The question is about Factors and Highest Common Factor, part of the topic of Factors, Multiples and Primes, that is part of the subject Number, in the area of Maths"
10120,"The question is about Written Division, part of the topic of Basic Arithmetic, that is part of the subject Number, in the area of Maths"
10121,"The question is about Weight Units, part of the topic of Units of Measurement, that is part of the subject Geometry and Measure, in the area of Maths"
10122,"The question is about Written Addition, part of the topic of Basic Arithmetic, that is part of the subject Number, in the area of Maths"
10123,"The question is about Rounding to the Nearest Whole (10, 100, etc), part of the topic of Rounding and Estimating, that is part of the subject Number, in the area of Maths"
10124,"The question is about Written Subtraction, part of the topic of Basic Arithmetic, that is part of the subject Number, in the area of Maths"
10125,"The question is about Adding and Subtracting with Decimals, part of the topic of Decimals, that is part of the subject Number, in the area of Maths"
10126,"The question is about Factors and Highest Common Factor, part of the topic of Factors, Multiples and Primes, that is part of the subject Number, in the area of Maths"
10127,"The question is about Writing Ratios, part of the topic of Ratio, that is part of the subject Number, in the area of Maths"
10128,"The question is about Basic Arithmetic, part of the topic of Rounding and Estimating, that is part of the subject Number, in the area of Maths"
10129,"The question is about Ordering Negative Numbers, part of the topic of Negative Numbers, that is part of the subject Number, in the area of Maths"
10130,"The question is about Rounding and Estimating, part of the topic of Decimals, that is part of the subject Number, in the area of Maths"
10131,"The question is about Place Value, part of the topic of Basic Arithmetic, that is part of the subject Number, in the area of Maths"
10132,"The question is about BIDMAS, part of the topic of Basic Arithmetic, that is part of the subject Number, in the area of Maths"
10133,"The question is about Simplifying Surds, part of the topic of Surds, that is part of the subject Number, in the area of Maths"
10134,"The question is about Multiples and Lowest Common Multiple, part of the topic of Factors, Multiples and Primes, that is part of the subject Number, in the area of Maths"
10135,"The question is about Rounding and Estimating, part of the topic of Decimals, that is part of the subject Number, in the area of Maths"
10136,"The question is about Add and Subtract Vectors, part of the topic of Basic Vectors, that is part of the subject Geometry and Measure, in the area of Maths"
10137,"The question is about Ordering Decimals, part of the topic of Decimals, that is part of the subject Number, in the area of Maths"
10138,"The question is about Basic Arithmetic, part of the topic of Indices, Powers and Roots, that is part of the subject Number, in the area of Maths"
10139,"The question is about Basic Arithmetic, part of the topic of Rounding and Estimating, that is part of the subject Number, in the area of Maths"
10140,"The question is about Vector Geometry, part of the topic of Basic Vectors, that is part of the subject Geometry and Measure, in the area of Maths"
10141,"The question is about Expanding Triple Brackets and more, part of the topic of Expanding Brackets, that is part of the subject Algebra, in the area of Maths"
10142,"The question is about Simplifying Algebraic Fractions, part of the topic of Algebraic Fractions, that is part of the subject Algebra, in the area of Maths"
10143,"The question is about Length, Area and Volume Scale Factors, part of the topic of Similarity and Congruency, that is part of the subject Geometry and Measure, in the area of Maths"
10144,"The question is about Simplifying Surds, part of the topic of Surds, that is part of the subject Number, in the area of Maths"
10145,"The question is about Graphical Solution of Simultaneous Equations, part of the topic of Straight Line Graphs, that is part of the subject Algebra, in the area of Maths"
10146,"The question is about Congruency in Triangles, part of the topic of Similarity and Congruency, that is part of the subject Geometry and Measure, in the area of Maths"
10147,"The question is about Perpendicular Lines, part of the topic of Straight Line Graphs, that is part of the subject Algebra, in the area of Maths"
10148,"The question is about Systematic Listing Strategies, part of the topic of Basic Arithmetic, that is part of the subject Number, in the area of Maths"
10149,"The question is about Sketching from Completing the Square Form, part of the topic of Quadratic Graphs, that is part of the subject Algebra, in the area of Maths"
10150,"The question is about Histogram, part of the topic of Data Representation, that is part of the subject Data and Statistics, in the area of Maths"
10151,"The question is about Simultaneous Equations, part of the topic of Solving Equations, that is part of the subject Algebra, in the area of Maths"
10152,"The question is about Equation of a Circle, part of the topic of Other Graphs, that is part of the subject Algebra, in the area of Maths"
10153,"The question is about Algebraic Proof, part of the topic of Writing and Simplifying Expressions, that is part of the subject Algebra, in the area of Maths"
10154,"The question is about Multiplying Terms, part of the topic of Writing and Simplifying Expressions, that is part of the subject Algebra, in the area of Maths"
10155,"The question is about Cubics and Reciprocals, part of the topic of Other Graphs, that is part of the subject Algebra, in the area of Maths"
10156,"The question is about Probability with Venn Diagrams, part of the topic of Probability, that is part of the subject Data and Statistics, in the area of Maths"
10157,"The question is about Other Graphs-Others, part of the topic of Other Graphs, that is part of the subject Algebra, in the area of Maths"
10158,"The question is about Length Scale Factors in Similar Shapes, part of the topic of Similarity and Congruency, that is part of the subject Geometry and Measure, in the area of Maths"
10159,"The question is about Averages and Range from Frequency Table, part of the topic of Data Processing, that is part of the subject Data and Statistics, in the area of Maths"
10160,"The question is about Time Series and Line Graphs, part of the topic of Data Representation, that is part of the subject Data and Statistics, in the area of Maths"
10161,"The question is about Composite Functions, part of the topic of Functions, that is part of the subject Advanced Pure, in the area of Maths"
10162,"The question is about Area of Non Right-angled Triangles, part of the topic of Basic Trigonometry, that is part of the subject Geometry and Measure, in the area of Maths"
10163,"The question is about Graphs of Exponentials and Other Powers of x, part of the topic of Other Graphs, that is part of the subject Algebra, in the area of Maths"
10164,"The question is about Real Life Graphs, part of the topic of Other Graphs, that is part of the subject Algebra, in the area of Maths"
10165,"The question is about Gradient Between Two Co-ordinates, part of the topic of Co-ordinates, that is part of the subject Algebra, in the area of Maths"
10166,"The question is about Function Notation, part of the topic of Functions, that is part of the subject Advanced Pure, in the area of Maths"
10167,"The question is about Adding and Subtracting Negative Numbers, part of the topic of Negative Numbers, that is part of the subject Number, in the area of Maths"
10168,"The question is about Cumulative Frequency Diagram, part of the topic of Data Representation, that is part of the subject Data and Statistics, in the area of Maths"
10169,"The question is about Co-ordinate Geometry with Straight Lines, part of the topic of Straight Line Graphs, that is part of the subject Algebra, in the area of Maths"
10170,"The question is about Density, part of the topic of Compound Measures, that is part of the subject Geometry and Measure, in the area of Maths"
10171,"The question is about Frequency Trees, part of the topic of Data Representation, that is part of the subject Data and Statistics, in the area of Maths"
10172,"The question is about Exact Values of Trigonometric Ratios, part of the topic of Basic Trigonometry, that is part of the subject Geometry and Measure, in the area of Maths"
10173,"The question is about Range and Interquartile Range from a List of Data, part of the topic of Data Processing, that is part of the subject Data and Statistics, in the area of Maths"
10174,"The question is about Circle Theorems, part of the topic of Angles, that is part of the subject Geometry and Measure, in the area of Maths"
10175,"The question is about Adding and Subtracting Algebraic Fractions, part of the topic of Algebraic Fractions, that is part of the subject Algebra, in the area of Maths"
10176,"The question is about Bearings, part of the topic of Angles, that is part of the subject Geometry and Measure, in the area of Maths"
10177,"The question is about Writing Formula, part of the topic of Formula, that is part of the subject Algebra, in the area of Maths"
10178,"The question is about Non Right-angled Triangles (Sine and Cosine Rules), part of the topic of Basic Trigonometry, that is part of the subject Geometry and Measure, in the area of Maths"
10179,"The question is about Surface Area of Prisms, part of the topic of Volume and Surface Area, that is part of the subject Geometry and Measure, in the area of Maths"
10180,"The question is about Transformation of Functions-Others, part of the topic of Transformation of Functions, that is part of the subject Algebra, in the area of Maths"
10181,"The question is about Add and Subtract Vectors, part of the topic of Basic Vectors, that is part of the subject Geometry and Measure, in the area of Maths"
10182,"The question is about Indirect (Inverse) Proportion, part of the topic of Proportion, that is part of the subject Number, in the area of Maths"
10183,"The question is about Inverse Functions, part of the topic of Functions, that is part of the subject Advanced Pure, in the area of Maths"
10184,"The question is about Quadratic Equations, part of the topic of Solving Equations, that is part of the subject Algebra, in the area of Maths"
10185,"The question is about Difference of Two Squares, part of the topic of Factorising, that is part of the subject Algebra, in the area of Maths"
10186,"The question is about Solving Quadratic Inequalities, part of the topic of Inequalities, that is part of the subject Algebra, in the area of Maths"
10187,"The question is about Completing the Square, part of the topic of Factorising, that is part of the subject Algebra, in the area of Maths"
10188,"The question is about Names and Properties of 3D Shapes, part of the topic of 3D Shapes, that is part of the subject Geometry and Measure, in the area of Maths"
10189,"The question is about Tally Charts, part of the topic of Data Collection, that is part of the subject Data and Statistics, in the area of Maths"
10190,"The question is about Probability, part of the topic of Data Representation, that is part of the subject Data and Statistics, in the area of Maths"
10191,"The question is about Loci Scenarios, part of the topic of Construction, Loci and Scale Drawing, that is part of the subject Geometry and Measure, in the area of Maths"
10192,"The question is about Venn Diagrams, part of the topic of Data Representation, that is part of the subject Data and Statistics, in the area of Maths"
10193,"The question is about Two Way Tables, part of the topic of Data Representation, that is part of the subject Data and Statistics, in the area of Maths"
10194,"The question is about Congruency in Triangles, part of the topic of Similarity and Congruency, that is part of the subject Geometry and Measure, in the area of Maths"
10195,"The question is about Pie Chart, part of the topic of Data Representation, that is part of the subject Data and Statistics, in the area of Maths"
10196,"The question is about Stem and Leaf Diagram, part of the topic of Data Representation, that is part of the subject Data and Statistics, in the area of Maths"
10197,"The question is about Line Symmetry, part of the topic of Symmetry, that is part of the subject Geometry and Measure, in the area of Maths"
10198,"The question is about Measuring Angles, part of the topic of Angles, that is part of the subject Geometry and Measure, in the area of Maths"
10199,"The question is about Construct Triangle, part of the topic of Construction, Loci and Scale Drawing, that is part of the subject Geometry and Measure, in the area of Maths"
10200,"The question is about Scale Drawing and Maps, part of the topic of Ratio, that is part of the subject Number, in the area of Maths"
10201,"The question is about Transformations, part of the topic of Similarity and Congruency, that is part of the subject Geometry and Measure, in the area of Maths"
10202,"The question is about Similarity and Congruency, part of the topic of Angles, that is part of the subject Geometry and Measure, in the area of Maths"
10203,"The question is about Rotational Symmetry, part of the topic of Symmetry, that is part of the subject Geometry and Measure, in the area of Maths"
10204,"The question is about Construct Angle and Line Bisectors, part of the topic of Construction, Loci and Scale Drawing, that is part of the subject Geometry and Measure, in the area of Maths"
10205,"The question is about Basic Calculator Use, part of the topic of Calculator Use, that is part of the subject Number, in the area of Maths"
10206,"The question is about Types, Naming and Estimating, part of the topic of Angles, that is part of the subject Geometry and Measure, in the area of Maths"
10207,"The question is about Properties of Polygons, part of the topic of 2D Names and Properties of Shapes, that is part of the subject Geometry and Measure, in the area of Maths"
10208,"The question is about Properties of Triangles, part of the topic of 2D Names and Properties of Shapes, that is part of the subject Geometry and Measure, in the area of Maths"
10209,"The question is about Surface Area of Non-Prisms, part of the topic of Volume and Surface Area, that is part of the subject Geometry and Measure, in the area of Maths"
10210,"The question is about Similarity and Congruency, part of the topic of Angles, that is part of the subject Geometry and Measure, in the area of Maths"
10211,"The question is about Advanced Calculator Use, part of the topic of Calculator Use, that is part of the subject Number, in the area of Maths"
10212,"The question is about Volume of Non-Prisms, part of the topic of Volume and Surface Area, that is part of the subject Geometry and Measure, in the area of Maths"
10213,"The question is about Units of Measurement-Others, part of the topic of Units of Measurement, that is part of the subject Geometry and Measure, in the area of Maths"
10214,"The question is about Pressure, part of the topic of Compound Measures, that is part of the subject Geometry and Measure, in the area of Maths"
10215,"The question is about Similarity and Congruency, part of the topic of Perimeter and Area, that is part of the subject Geometry and Measure, in the area of Maths"
10216,"The question is about Temperature units, part of the topic of Units of Measurement, that is part of the subject Geometry and Measure, in the area of Maths"
10217,"The question is about Solving Equations, part of the topic of Quadratic Graphs, that is part of the subject Algebra, in the area of Maths"
10218,"The question is about Other Graphs, part of the topic of Straight Line Graphs, that is part of the subject Algebra, in the area of Maths"
10219,"The question is about Trial and Improvement and Iterative Methods, part of the topic of Solving Equations, that is part of the subject Algebra, in the area of Maths"
10220,"The question is about Other Graphs, part of the topic of Straight Line Graphs, that is part of the subject Algebra, in the area of Maths"
10221,"The question is about Averages (mean, median, mode) from a List of Data, part of the topic of Data Processing, that is part of the subject Data and Statistics, in the area of Maths"
10222,"The question is about Expanding Brackets, part of the topic of Writing and Simplifying Expressions, that is part of the subject Algebra, in the area of Maths"
10223,"The question is about Congruency in Other Shapes, part of the topic of Similarity and Congruency, that is part of the subject Geometry and Measure, in the area of Maths"
10224,"The question is about Graphs of Trigonometric Functions, part of the topic of Other Graphs, that is part of the subject Algebra, in the area of Maths"
10225,"The question is about Isometric Drawings, part of the topic of 3D Shapes, that is part of the subject Geometry and Measure, in the area of Maths"
10226,"The question is about Repeated Percentages and Compound Interest, part of the topic of Percentages, that is part of the subject Number, in the area of Maths"
10227,"The question is about Other Graphs, part of the topic of Transformation of Functions, that is part of the subject Algebra, in the area of Maths"
10228,"The question is about Rounding to Significant Figures, part of the topic of Rounding and Estimating, that is part of the subject Number, in the area of Maths"
10229,"The question is about Function Machines, part of the topic of Solving Equations, that is part of the subject Algebra, in the area of Maths"
10230,"The question is about Interpreting and Comparing Data using Averages and Range, part of the topic of Data Processing, that is part of the subject Data and Statistics, in the area of Maths"
10231,"The question is about Solving Equations, part of the topic of Writing and Simplifying Expressions, that is part of the subject Algebra, in the area of Maths"
10232,"The question is about Physics, part of the topic of Geometry and Measure, that is part of the subject Science, in the area of Maths"
10233,"The question is about Other Graphs, part of the topic of Algebra, that is part of the subject Number, in the area of Maths"
10234,"The question is about Linear Equations, part of the topic of Solving Equations, that is part of the subject Algebra, in the area of Maths"
10235,"The question is about Ratio, part of the topic of Geometry and Measure, that is part of the subject Number, in the area of Maths"
10236,"The question is about Writing and Simplifying Expressions, part of the topic of Geometry and Measure, that is part of the subject Algebra, in the area of Maths"
10237,"The question is about Area of Simple Shapes, part of the topic of Perimeter and Area, that is part of the subject Geometry and Measure, in the area of Maths"
10238,"The question is about Estimation, part of the topic of Rounding and Estimating, that is part of the subject Number, in the area of Maths"
10239,"The question is about Solving Equations, part of the topic of Writing and Simplifying Expressions, that is part of the subject Algebra, in the area of Maths"
10240,"The question is about Writing Expressions, part of the topic of Writing and Simplifying Expressions, that is part of the subject Algebra, in the area of Maths"
10241,"The question is about Fractions, part of the topic of Decimals, that is part of the subject Number, in the area of Maths"
10242,"The question is about Rearranging Formula and Equations, part of the topic of Formula, that is part of the subject Algebra, in the area of Maths"
10243,"The question is about Basic Arithmetic, part of the topic of Algebra, that is part of the subject Number, in the area of Maths"
10244,"The question is about Recurring Decimals to Fractions, part of the topic of Fractions, Decimals and Percentage Equivalence, that is part of the subject Number, in the area of Maths"
10245,"The question is about Solving Equations, part of the topic of Geometry and Measure, that is part of the subject Algebra, in the area of Maths"
10246,"The question is about Algebraic Fractions, part of the topic of Writing and Simplifying Expressions, that is part of the subject Algebra, in the area of Maths"
10247,"The question is about Basic Arithmetic, part of the topic of Rounding and Estimating, that is part of the subject Number, in the area of Maths"
10248,"The question is about Rationalising the Denominator, part of the topic of Surds, that is part of the subject Number, in the area of Maths"
10249,"The question is about Operations with Surds, part of the topic of Surds, that is part of the subject Number, in the area of Maths"
10250,"The question is about 3D Pythagoras, part of the topic of Pythagoras, that is part of the subject Geometry and Measure, in the area of Maths"
10251,"The question is about Reverse Percentages (Original Amount), part of the topic of Percentages, that is part of the subject Number, in the area of Maths"
10252,"The question is about Fractions, Decimals and Percentage Equivalence, part of the topic of Decimals, that is part of the subject Number, in the area of Maths"
10253,"The question is about Basic Arithmetic, part of the topic of Indices, Powers and Roots, that is part of the subject Number, in the area of Maths"
10254,"The question is about Indices, Powers and Roots, part of the topic of Algebra, that is part of the subject Number, in the area of Maths"
10255,"The question is about Negative Numbers, part of the topic of Fractions, that is part of the subject Number, in the area of Maths"
10256,"The question is about Operations with Surds, part of the topic of Surds, that is part of the subject Number, in the area of Maths"
10257,"The question is about Best Value, part of the topic of Ratio, that is part of the subject Number, in the area of Maths"
10258,"The question is about Basic Arithmetic, part of the topic of Negative Numbers, that is part of the subject Number, in the area of Maths"
10259,"The question is about Fractions, part of the topic of Fractions, Decimals and Percentage Equivalence, that is part of the subject Number, in the area of Maths"
10260,"The question is about Adding and Subtracting Fractions, part of the topic of Fractions, that is part of the subject Number, in the area of Maths"
10261,"The question is about Straight Line Graphs, part of the topic of Geometry and Measure, that is part of the subject Algebra, in the area of Maths"
10262,"The question is about Circumference, part of the topic of Circles, that is part of the subject Geometry and Measure, in the area of Maths"
10263,"The question is about Graphing Linear Inequalities (Shading Regions), part of the topic of Inequalities, that is part of the subject Algebra, in the area of Maths"
10264,"The question is about Perimeter, part of the topic of Perimeter and Area, that is part of the subject Geometry and Measure, in the area of Maths"
10265,"The question is about Similarity and Congruency, part of the topic of 2D Names and Properties of Shapes, that is part of the subject Geometry and Measure, in the area of Maths"
10266,"The question is about Perpendicular Lines, part of the topic of Straight Line Graphs, that is part of the subject Algebra, in the area of Maths"
10267,"The question is about Perimeter and Area, part of the topic of 2D Names and Properties of Shapes, that is part of the subject Geometry and Measure, in the area of Maths"
10268,"The question is about Multiplying and Dividing Algebraic Fractions, part of the topic of Algebraic Fractions, that is part of the subject Algebra, in the area of Maths"
10269,"The question is about Circumference, part of the topic of Circles, that is part of the subject Geometry and Measure, in the area of Maths"
10270,"The question is about Upper and Lower Bounds, part of the topic of Rounding and Estimating, that is part of the subject Number, in the area of Maths"
10271,"The question is about Fractions, part of the topic of Fractions, Decimals and Percentage Equivalence, that is part of the subject Number, in the area of Maths"
10272,"The question is about Pythagoras, part of the topic of Volume and Surface Area, that is part of the subject Geometry and Measure, in the area of Maths"
10273,"The question is about Basic Arithmetic, part of the topic of Factors, Multiples and Primes, that is part of the subject Number, in the area of Maths"
10274,"The question is about Basic Angle Facts (straight line, opposite, around a point, etc), part of the topic of Angles, that is part of the subject Geometry and Measure, in the area of Maths"
10275,"The question is about Volume and Surface Area, part of the topic of Geometry and Measure, that is part of the subject Algebra, in the area of Maths"
10276,"The question is about Basic Arithmetic, part of the topic of Indices, Powers and Roots, that is part of the subject Number, in the area of Maths"
10277,"The question is about Pythagoras, part of the topic of Perimeter and Area, that is part of the subject Geometry and Measure, in the area of Maths"
10278,"The question is about Simplifying Surds, part of the topic of Surds, that is part of the subject Number, in the area of Maths"
10279,"The question is about Squares, Cubes, etc, part of the topic of Indices, Powers and Roots, that is part of the subject Number, in the area of Maths"
10280,"The question is about Data Representation, part of the topic of Data Processing, that is part of the subject Data and Statistics, in the area of Maths"
10281,"The question is about Fractions, Decimals and Percentage Equivalence, part of the topic of Decimals, that is part of the subject Number, in the area of Maths"
10282,"The question is about Combined Transformations, part of the topic of Transformations, that is part of the subject Geometry and Measure, in the area of Maths"
10283,"The question is about Ratio, part of the topic of Algebra, that is part of the subject Number, in the area of Maths"
10284,"The question is about Solving Equations, part of the topic of Straight Line Graphs, that is part of the subject Algebra, in the area of Maths"
10285,"The question is about Adding and Subtracting Fractions, part of the topic of Fractions, that is part of the subject Number, in the area of Maths"
10286,"The question is about Decimals, part of the topic of Algebra, that is part of the subject Number, in the area of Maths"
10287,"The question is about Transformations, part of the topic of Basic Vectors, that is part of the subject Geometry and Measure, in the area of Maths"
10288,"The question is about Transformation of Functions, part of the topic of Quadratic Graphs, that is part of the subject Algebra, in the area of Maths"
10289,"The question is about Inequalities, part of the topic of Algebra, that is part of the subject Number, in the area of Maths"
10290,"The question is about Ratio, part of the topic of Geometry and Measure, that is part of the subject Number, in the area of Maths"
10291,"The question is about Fractions, part of the topic of Fractions, Decimals and Percentage Equivalence, that is part of the subject Number, in the area of Maths"
10292,"The question is about Fractions, part of the topic of Data and Statistics, that is part of the subject Number, in the area of Maths"
10293,"The question is about Negative Numbers, part of the topic of Fractions, Decimals and Percentage Equivalence, that is part of the subject Number, in the area of Maths"
10294,"The question is about Proportion, part of the topic of Geometry and Measure, that is part of the subject Number, in the area of Maths"
10295,"The question is about Ratio, part of the topic of Geometry and Measure, that is part of the subject Number, in the area of Maths"
10296,"The question is about Percentages, part of the topic of Fractions, Decimals and Percentage Equivalence, that is part of the subject Number, in the area of Maths"
10297,"The question is about Angles, part of the topic of Geometry and Measure, that is part of the subject Algebra, in the area of Maths"
10298,"The question is about Ratio, part of the topic of Geometry and Measure, that is part of the subject Number, in the area of Maths"
10299,"The question is about 2D Names and Properties of Shapes, part of the topic of Symmetry, that is part of the subject Geometry and Measure, in the area of Maths"
10300,"The question is about Properties of Polygons, part of the topic of 2D Names and Properties of Shapes, that is part of the subject Geometry and Measure, in the area of Maths"
10301,"The question is about Fractions, part of the topic of Geometry and Measure, that is part of the subject Number, in the area of Maths"
10302,"The question is about Basic Arithmetic, part of the topic of Fractions, Decimals and Percentage Equivalence, that is part of the subject Number, in the area of Maths"
10303,"The question is about Basic Arithmetic, part of the topic of Negative Numbers, that is part of the subject Number, in the area of Maths"
10304,"The question is about Similarity and Congruency-Others, part of the topic of Similarity and Congruency, that is part of the subject Geometry and Measure, in the area of Maths"
10305,"The question is about Compound Measures, part of the topic of Geometry and Measure, that is part of the subject Algebra, in the area of Maths"
10306,"The question is about Linear Sequences (nth term), part of the topic of Sequences, that is part of the subject Algebra, in the area of Maths"
10307,"The question is about 2D Names and Properties of Shapes, part of the topic of Symmetry, that is part of the subject Geometry and Measure, in the area of Maths"
10308,"The question is about Negative Numbers, part of the topic of Decimals, that is part of the subject Number, in the area of Maths"
10309,"The question is about Basic Arithmetic, part of the topic of Fractions, that is part of the subject Number, in the area of Maths"
10310,"The question is about Units of Measurement, part of the topic of Compound Measures, that is part of the subject Geometry and Measure, in the area of Maths"
10311,"The question is about Transformation of Functions, part of the topic of Quadratic Graphs, that is part of the subject Algebra, in the area of Maths"
10312,"The question is about Basic Angle Facts (straight line, opposite, around a point, etc), part of the topic of Angles, that is part of the subject Geometry and Measure, in the area of Maths"
10313,"The question is about Parallel Lines, part of the topic of Straight Line Graphs, that is part of the subject Algebra, in the area of Maths"
10314,"The question is about Pythagoras, part of the topic of Basic Trigonometry, that is part of the subject Geometry and Measure, in the area of Maths"
10315,"The question is about Indices, Powers and Roots, part of the topic of Algebra, that is part of the subject Number, in the area of Maths"
10316,"The question is about Writing Expressions, part of the topic of Writing and Simplifying Expressions, that is part of the subject Algebra, in the area of Maths"
10317,"The question is about Indices, Powers and Roots, part of the topic of Algebra, that is part of the subject Number, in the area of Maths"
10318,"The question is about Ratio, part of the topic of Proportion, that is part of the subject Number, in the area of Maths"
10319,"The question is about Fractions, part of the topic of Fractions, Decimals and Percentage Equivalence, that is part of the subject Number, in the area of Maths"
10320,"The question is about Indices, Powers and Roots, part of the topic of Algebra, that is part of the subject Number, in the area of Maths"
10321,"The question is about Rounding to Decimal Places, part of the topic of Rounding and Estimating, that is part of the subject Number, in the area of Maths"
10322,"The question is about Roman Numerals, part of the topic of Basic Arithmetic, that is part of the subject Number, in the area of Maths"
10323,"The question is about Sampling and Bias, part of the topic of Data Processing, that is part of the subject Data and Statistics, in the area of Maths"
10324,"The question is about Frequency Diagram and Frequency Polygon, part of the topic of Data Representation, that is part of the subject Data and Statistics, in the area of Maths"
10325,"The question is about Cumulative Frequency Diagram, part of the topic of Data Representation, that is part of the subject Data and Statistics, in the area of Maths"
10326,"The question is about Data Representation, part of the topic of Data Processing, that is part of the subject Data and Statistics, in the area of Maths"
10327,"The question is about 3D Plane Symmetry, part of the topic of Symmetry, that is part of the subject Geometry and Measure, in the area of Maths"
10328,"The question is about Ratio, part of the topic of Geometry and Measure, that is part of the subject Number, in the area of Maths"
10329,"The question is about Volume and Surface Area, part of the topic of Units of Measurement, that is part of the subject Geometry and Measure, in the area of Maths"
10330,"The question is about Ratio, part of the topic of Geometry and Measure, that is part of the subject Number, in the area of Maths"
10331,"The question is about Data Representation, part of the topic of Data Processing, that is part of the subject Data and Statistics, in the area of Maths"
10332,"The question is about Quadratic Graphs, part of the topic of Straight Line Graphs, that is part of the subject Algebra, in the area of Maths"
10333,"The question is about Transformations, part of the topic of Basic Vectors, that is part of the subject Geometry and Measure, in the area of Maths"
10334,"The question is about Other Graphs, part of the topic of Transformation of Functions, that is part of the subject Algebra, in the area of Maths"
10335,"The question is about Other Graphs, part of the topic of Transformation of Functions, that is part of the subject Algebra, in the area of Maths"
10336,"The question is about Solving Equations with Algebraic Fractions, part of the topic of Algebraic Fractions, that is part of the subject Algebra, in the area of Maths"
10337,"The question is about Volume of Prisms, part of the topic of Volume and Surface Area, that is part of the subject Geometry and Measure, in the area of Maths"
10338,"The question is about Co-ordinates, part of the topic of Geometry and Measure, that is part of the subject Algebra, in the area of Maths"
10339,"The question is about Transformations, part of the topic of Basic Vectors, that is part of the subject Geometry and Measure, in the area of Maths"
10340,"The question is about Length Units, part of the topic of Units of Measurement, that is part of the subject Geometry and Measure, in the area of Maths"
10341,"The question is about Fractions of an Amount, part of the topic of Fractions, that is part of the subject Number, in the area of Maths"
10342,"The question is about Perimeter and Area, part of the topic of Circles, that is part of the subject Geometry and Measure, in the area of Maths"
10343,"The question is about Units of Measurement, part of the topic of Compound Measures, that is part of the subject Geometry and Measure, in the area of Maths"
10344,"The question is about Algebraic Fractions, part of the topic of Factorising, that is part of the subject Algebra, in the area of Maths"
10345,"The question is about Units of Measurement, part of the topic of Compound Measures, that is part of the subject Geometry and Measure, in the area of Maths"
10346,"The question is about Transformations of functions in the form y =, part of the topic of Transformation of Functions, that is part of the subject Algebra, in the area of Maths"
10347,"The question is about Length Scale Factors in Similar Shapes, part of the topic of Similarity and Congruency, that is part of the subject Geometry and Measure, in the area of Maths"
10348,"The question is about 3D Shapes, part of the topic of Volume and Surface Area, that is part of the subject Geometry and Measure, in the area of Maths"
10349,"The question is about Data Representation, part of the topic of Data Processing, that is part of the subject Data and Statistics, in the area of Maths"
10350,"The question is about Percentages, part of the topic of Geometry and Measure, that is part of the subject Number, in the area of Maths"
10351,"The question is about Reflection, part of the topic of Transformations, that is part of the subject Geometry and Measure, in the area of Maths"
10352,"The question is about Formula, part of the topic of Expanding Brackets, that is part of the subject Algebra, in the area of Maths"
10353,"The question is about Tree Diagrams with Dependent Events, part of the topic of Probability, that is part of the subject Data and Statistics, in the area of Maths"
10354,"The question is about Units of Measurement, part of the topic of Geometry and Measure, that is part of the subject Number, in the area of Maths"
10355,"The question is about 3D Shapes, part of the topic of Volume and Surface Area, that is part of the subject Geometry and Measure, in the area of Maths"
10356,"The question is about Proportion, part of the topic of Geometry and Measure, that is part of the subject Number, in the area of Maths"
10357,"The question is about Formula, part of the topic of Writing and Simplifying Expressions, that is part of the subject Algebra, in the area of Maths"
10358,"The question is about Gradient as change in y over change in x, part of the topic of Straight Line Graphs, that is part of the subject Algebra, in the area of Maths"
10359,"The question is about Finding the Equation of a Line, part of the topic of Straight Line Graphs, that is part of the subject Algebra, in the area of Maths"
10360,"The question is about Decimals, part of the topic of Algebra, that is part of the subject Number, in the area of Maths"
10361,"The question is about 3D Trigonometry, part of the topic of Basic Trigonometry, that is part of the subject Geometry and Measure, in the area of Maths"
10362,"The question is about Probability of Single Events, part of the topic of Probability, that is part of the subject Data and Statistics, in the area of Maths"
10363,"The question is about Parallel Lines, part of the topic of Straight Line Graphs, that is part of the subject Algebra, in the area of Maths"
10364,"The question is about Transformations of functions in the form f(x), part of the topic of Transformation of Functions, that is part of the subject Algebra, in the area of Maths"
10365,"The question is about Counting, part of the topic of Basic Arithmetic, that is part of the subject Number, in the area of Maths"
10366,"The question is about Multiplying Fractions, part of the topic of Fractions, that is part of the subject Number, in the area of Maths"
10367,"The question is about Volume and Surface Area-Others, part of the topic of Volume and Surface Area, that is part of the subject Geometry and Measure, in the area of Maths"
10368,"The question is about Surface Area of Prisms, part of the topic of Volume and Surface Area, that is part of the subject Geometry and Measure, in the area of Maths"
10369,"The question is about Other Graphs, part of the topic of Geometry and Measure, that is part of the subject Algebra, in the area of Maths"
10370,"The question is about Direct Proportion, part of the topic of Proportion, that is part of the subject Number, in the area of Maths"
10371,"The question is about Co-ordinates, part of the topic of Straight Line Graphs, that is part of the subject Algebra, in the area of Maths"
10372,"The question is about Indices, Powers and Roots, part of the topic of Data and Statistics, that is part of the subject Number, in the area of Maths"
10373,"The question is about 3D Shapes, part of the topic of Volume and Surface Area, that is part of the subject Geometry and Measure, in the area of Maths"
10374,"The question is about 2D Names and Properties of Shapes-Others, part of the topic of 2D Names and Properties of Shapes, that is part of the subject Geometry and Measure, in the area of Maths"
10375,"The question is about Money, part of the topic of Percentages, that is part of the subject Number, in the area of Maths"
10376,"The question is about Basic Arithmetic, part of the topic of Data and Statistics, that is part of the subject Number, in the area of Maths"
10377,"The question is about Co-ordinates, part of the topic of Geometry and Measure, that is part of the subject Algebra, in the area of Maths"
10378,"The question is about Money, part of the topic of Percentages, that is part of the subject Number, in the area of Maths"
10379,"The question is about Percentages, part of the topic of Geometry and Measure, that is part of the subject Number, in the area of Maths"
10380,"The question is about Money, part of the topic of Percentages, that is part of the subject Number, in the area of Maths"
10381,"The question is about 2D Names and Properties of Shapes, part of the topic of Angles, that is part of the subject Geometry and Measure, in the area of Maths"
10382,"The question is about Fractions, Decimals and Percentage Equivalence, part of the topic of Decimals, that is part of the subject Number, in the area of Maths"
10383,"The question is about Perimeter and Area, part of the topic of Volume and Surface Area, that is part of the subject Geometry and Measure, in the area of Maths"
10384,"The question is about Other Graphs, part of the topic of Straight Line Graphs, that is part of the subject Algebra, in the area of Maths"
10385,"The question is about Formula, part of the topic of Geometry and Measure, that is part of the subject Algebra, in the area of Maths"
10386,"The question is about Proportion, part of the topic of Algebra, that is part of the subject Number, in the area of Maths"
10387,"The question is about 3D Shapes-Others, part of the topic of 3D Shapes, that is part of the subject Geometry and Measure, in the area of Maths"
10388,"The question is about Rounding and Estimating, part of the topic of Algebra, that is part of the subject Number, in the area of Maths"
10389,"The question is about Solving Other Powers of x, part of the topic of Solving Equations, that is part of the subject Algebra, in the area of Maths"
10390,"The question is about Solving Equations, part of the topic of Writing and Simplifying Expressions, that is part of the subject Algebra, in the area of Maths"
10391,"The question is about Simplifying and Equivalent Ratios, part of the topic of Ratio, that is part of the subject Number, in the area of Maths"
10392,"The question is about Rounding and Estimating, part of the topic of Geometry and Measure, that is part of the subject Number, in the area of Maths"
10393,"The question is about Perimeter and Area, part of the topic of Units of Measurement, that is part of the subject Geometry and Measure, in the area of Maths"
10394,"The question is about Symmetry-Others, part of the topic of Symmetry, that is part of the subject Geometry and Measure, in the area of Maths"
10395,"The question is about 2D Names and Properties of Shapes, part of the topic of Angles, that is part of the subject Geometry and Measure, in the area of Maths"
10396,"The question is about Units of Measurement, part of the topic of Geometry and Measure, that is part of the subject Number, in the area of Maths"
10397,"The question is about Fractions, part of the topic of Decimals, that is part of the subject Number, in the area of Maths"
10398,"The question is about Reflection, part of the topic of Transformations, that is part of the subject Geometry and Measure, in the area of Maths"
10399,"The question is about Solving Equations, part of the topic of Expanding Brackets, that is part of the subject Algebra, in the area of Maths"
10400,"The question is about Writing and Simplifying Expressions, part of the topic of Algebra, that is part of the subject Number, in the area of Maths"
10401,"The question is about Solving Equations, part of the topic of Geometry and Measure, that is part of the subject Algebra, in the area of Maths"
10402,"The question is about Finding the Gradient and Intercept of a Line from the Equation, part of the topic of Straight Line Graphs, that is part of the subject Algebra, in the area of Maths"
10403,"The question is about Basic Arithmetic, part of the topic of Fractions, that is part of the subject Number, in the area of Maths"
10404,"The question is about Formula, part of the topic of Solving Equations, that is part of the subject Algebra, in the area of Maths"
10405,"The question is about Adding and Subtracting Fractions, part of the topic of Fractions, that is part of the subject Number, in the area of Maths"
10406,"The question is about Co-ordinates-Others, part of the topic of Co-ordinates, that is part of the subject Algebra, in the area of Maths"
10407,"The question is about Writing and Simplifying Expressions-Others, part of the topic of Writing and Simplifying Expressions, that is part of the subject Algebra, in the area of Maths"
10408,"The question is about Basic Arithmetic, part of the topic of Decimals, that is part of the subject Number, in the area of Maths"
10409,"The question is about Solving Equations, part of the topic of Straight Line Graphs, that is part of the subject Algebra, in the area of Maths"
10410,"The question is about Two Way Tables, part of the topic of Data Representation, that is part of the subject Data and Statistics, in the area of Maths"
10411,"The question is about Indices, Powers and Roots, part of the topic of Data and Statistics, that is part of the subject Number, in the area of Maths"
10412,"The question is about Factors and Highest Common Factor, part of the topic of Factors, Multiples and Primes, that is part of the subject Number, in the area of Maths"
